Month,Transect,Shoot,Subshoot,Total leaves,Leaf,Prev,OldArea.mm2,NewArea.mm2,Notes,mm2.l.d,Days
July,A,1,Main,4,1,0,190.172,377.21,,62.86833333,6
July,A,1,Main,4,2,0,1256.561,422.761,,70.46016667,6
July,A,1,Main,4,3,1,2532.953,141.831,lesion?,23.6385,6
July,A,1,Main,4,4,1,3060.251,0,,0,6
July,A,2,Main,5,1,0,776.526,1106.971,,184.4951667,6
July,A,2,Main,5,2,0,3819.542,1090.049,,181.6748333,6
July,A,2,Main,5,3,1,6920.263,398.577,,66.4295,6
July,A,2,Main,5,4,1,5508.512,27.532,,4.588666667,6
July,A,2,Main,5,5,1,3586.682,0,lesion?,0,6
July,A,3,Main,3,1,0,1216.655,759.639,,126.6065,6
July,A,3,Main,3,2,0,2537.87,409.818,,68.303,6
July,A,3,Main,3,3,1,2506.537,146.6,,24.43333333,6
July,A,4,Main,5,1,0,78.928,415.241,,69.20683333,6
July,A,4,Main,5,2,0,1161.638,502.728,,83.788,6
July,A,4,Main,5,3,0,2307.505,370.467,,61.7445,6
July,A,4,Main,5,4,1,3029.211,32.457,,5.4095,6
July,A,4,Main,5,5,0,871.481,0,,0,6
July,A,4,Baby,5,1,0,0,100.066,,16.67766667,6
July,A,5,Main,5,1,0,379.739,317.839,,52.97316667,6
July,A,5,Main,5,2,0,1246.504,343.46,,57.24333333,6
July,A,5,Main,5,3,0,1870.836,129.348,,21.558,6
July,A,5,Main,5,4,1,1889.501,0,,0,6
July,A,5,Main,5,5,1,1421.292,0,,0,6
July,A,6,Main,3,1,0,601.546,27.265,,4.544166667,6
July,A,6,Main,3,2,0,1291.811,26.141,,4.356833333,6
July,A,6,Main,3,3,0,1506.536,0,lesion?,0,6
July,A,7,Main,5,1,0,963.251,585.181,,97.53016667,6
July,A,7,Main,5,2,0,2176.966,410.76,,68.46,6
July,A,7,Main,5,3,1,2249.621,46.108,,7.684666667,6
July,A,7,Main,5,4,1,2138.393,0,,0,6
July,A,7,Main,5,5,1,411.866,0,,0,6
July,A,7,Baby,5,1,0,0,137.079,,22.8465,6
July,A,8,Main,4,1,0,248.399,404.084,,67.34733333,6
July,A,8,Main,4,2,0,1428.453,453.707,,75.61783333,6
July,A,8,Main,4,3,0,2705.281,194.017,,32.33616667,6
July,A,8,Main,4,4,1,3041.358,26.112,,4.352,6
July,A,8,Baby,4,1,0,112.096,172.099,,28.68316667,6
July,A,9,Main,5,1,0,0,45.623,,7.603833333,6
July,A,9,Main,5,2,0,938.517,678.715,,113.1191667,6
July,A,9,Main,5,3,0,2498.319,663.155,,110.5258333,6
July,A,9,Main,5,4,0,3200.841,134.281,,22.38016667,6
July,A,9,Main,5,5,0,1505.238,19.491,,3.2485,6
July,A,13,Main,4,1,0,495.244,515.04,,85.84,6
July,A,13,Main,4,2,0,1765.24,527.338,,87.88966667,6
July,A,13,Main,4,3,1,3109.925,80.048,,13.34133333,6
July,A,13,Main,4,4,1,2914.042,26.557,,4.426166667,6
July,A,14,Main,5,1,0,495.727,471.88,,78.64666667,6
July,A,14,Main,5,2,0,1577.719,478.168,,79.69466667,6
July,A,14,Main,5,3,1,2219.519,214.499,,35.74983333,6
July,A,14,Main,5,4,0,1277.674,0,,0,6
July,A,14,Main,5,5,0,712.463,0,,0,6
July,A,15,Main,5,1,0,65.294,210.459,,35.0765,6
July,A,15,Main,5,2,1,1280.703,413.702,,68.95033333,6
July,A,15,Main,5,3,1,2611.533,382.888,,63.81466667,6
July,A,15,Main,5,4,1,3556.356,41.552,,6.925333333,6
July,A,15,Main,5,5,1,2772.758,0,,0,6
July,A,16,Main,5,1,0,0,64.547,,10.75783333,6
July,A,16,Main,5,2,0,926.594,492.805,,82.13416667,6
July,A,16,Main,5,3,0,2188.265,424.333,,70.72216667,6
July,A,16,Main,5,4,1,3207.631,15.499,,2.583166667,6
July,A,16,Main,5,5,1,2831.304,0,,0,6
July,A,17,Main,3,1,0,367.457,352.81,,58.80166667,6
July,A,17,Main,3,2,1,1839.722,372.544,,62.09066667,6
July,A,17,Main,3,3,1,2881.165,43.099,,7.183166667,6
July,A,18,Main,4,1,0,255.91,217.276,,36.21266667,6
July,A,18,Main,4,2,0,1122.101,240.616,,40.10266667,6
July,A,18,Main,4,3,0,1421.179,0,check--splotches?,0,6
July,A,18,Main,4,4,0,1493.166,0,check--splotches?,0,6
July,A,19,Main,4,1,0,49.191,198.077,,33.01283333,6
July,A,19,Main,4,2,0,771.656,265.969,,44.32816667,6
July,A,19,Main,4,3,1,1768.517,169.543,,28.25716667,6
July,A,19,Main,4,4,1,1951.334,14.632,,2.438666667,6
July,A,20,Main,4,1,0,93.349,217.917,,36.3195,6
July,A,20,Main,4,2,0,917.448,310.605,,51.7675,6
July,A,20,Main,4,3,1,1728.682,127.665,,21.2775,6
July,A,20,Main,4,4,1,1762.689,0,,0,6
July,A,22,Main,4,1,1,548.972,401.201,,66.86683333,6
July,A,22,Main,4,2,1,624.498,368.289,,61.3815,6
July,A,22,Main,4,3,1,2312.88,69.996,,11.666,6
July,A,22,Main,4,4,1,2958.695,20.14,,3.356666667,6
July,A,23,Main,4,1,0,676.526,567.122,,94.52033333,6
July,A,23,Main,4,2,0,2316.156,570.212,,95.03533333,6
July,A,23,Main,4,3,1,3840.788,144.831,,24.1385,6
July,A,23,Main,4,4,1,4121.17,17.127,,2.8545,6
July,A,24,Main,3,1,0,741.15,213.841,,35.64016667,6
July,A,24,Main,3,2,1,1932.233,93.417,,15.5695,6
July,A,24,Main,3,3,1,2408.372,0,,0,6
July,A,25,Main,6,1,0,0,105.651,,17.6085,6
July,A,25,Main,6,2,0,1825.479,597.351,,99.5585,6
July,A,25,Main,6,3,0,662.533,549.132,,91.522,6
July,A,25,Main,6,4,0,2457.867,277.779,,46.2965,6
July,A,25,Main,6,5,0,1955.324,17.729,,2.954833333,6
July,A,25,Main,6,6,0,1663.466,0,,0,6
July,A,26,Main,5,1,0,0,31.554,,5.259,6
July,A,26,Main,5,2,0,943.5,536.615,,89.43583333,6
July,A,26,Main,5,3,0,2196.439,517.3,,86.21666667,6
July,A,26,Main,5,4,1,3315.848,86.678,,14.44633333,6
July,A,26,Main,5,5,1,1369.179,14.535,,2.4225,6
July,A,27,Main,5,1,0,74.904,207.835,,34.63916667,6
July,A,27,Main,5,2,0,1937.728,0,,0,6
July,A,27,Main,5,3,0,1249.895,228.968,,38.16133333,6
July,A,27,Main,5,4,1,1875.122,20.297,,3.382833333,6
July,A,27,Main,5,5,0,1153.309,0,check--lesion?,0,6
July,A,28,Main,3,1,0,681.524,316.739,,52.78983333,6
July,A,28,Main,3,2,1,2176.681,282.19,,47.03166667,6
July,A,28,Main,3,3,1,3184.836,0,,0,6
July,A,29,Main,5,1,0,0,37.001,,6.166833333,6
July,A,29,Main,5,2,1,830.079,325.583,,54.26383333,6
July,A,29,Main,5,3,1,1464.989,225.055,,37.50916667,6
July,A,29,Main,5,4,1,1959.006,0,,0,6
July,A,29,Main,5,5,1,1253.899,0,,0,6
July,A,30,Main,4,1,0,297.142,398.878,,66.47966667,6
July,A,30,Main,4,2,0,1052.431,394.754,,65.79233333,6
July,A,30,Main,4,3,0,1729.902,67.354,,11.22566667,6
July,A,30,Main,4,4,1,1757.226,0,,0,6
July,A ,10,Main,4,1,0,903.481,583.349,,97.22483333,6
July,A ,10,Main,4,2,0,2786.506,632.203,,105.3671667,6
July,A ,10,Main,4,3,1,4593.896,259.326,,43.221,6
July,A ,10,Main,4,4,1,5325.42,45.811,,7.635166667,6
July,A ,12,Main,4,1,0,710.952,430.818,,71.803,6
July,A ,12,Main,4,2,0,1521.499,380.384,,63.39733333,6
July,A ,12,Main,4,3,0,1984.561,30.455,,5.075833333,6
July,A ,12,Main,4,4,1,1334.257,0,,0,6
July,A ,12,Baby,4,1,0,0,118.567,,19.76116667,6
July,B,1,Main,5,1,0,0,261.245,,43.54083333,6
July,B,1,Main,5,2,0,1341.33,595.487,,99.24783333,6
July,B,1,Main,5,3,1,2648.537,368.918,,61.48633333,6
July,B,1,Main,5,4,0,2227.921,37.186,check--lesion?,6.197666667,6
July,B,1,Main,5,5,1,2809.743,0,,0,6
July,B,1,Baby,5,1,0,0,53.222,,8.870333333,6
July,B,2,Main,5,1,0,738.134,663.06,,110.51,6
July,B,2,Main,5,2,0,2002.572,565.498,,94.24966667,6
July,B,2,Main,5,3,0,1484.536,86.716,check--lesion?,14.45266667,6
July,B,2,Main,5,4,0,1621.233,16.508,,2.751333333,6
July,B,2,Main,5,5,0,803.932,0,,0,6
July,B,3,Main,5,1,0,0,297.447,,49.5745,6
July,B,3,Main,5,2,0,617.086,411.343,,68.55716667,6
July,B,3,Main,5,3,1,1530.221,184.275,,30.7125,6
July,B,3,Main,5,4,1,1610.914,0,,0,6
July,B,3,Main,5,5,1,668.484,0,,0,6
July,B,4,Main,5,1,0,300.295,248.67,,41.445,6
July,B,4,Main,5,2,0,2432.572,387.034,,64.50566667,6
July,B,4,Main,5,3,0,5112.342,311.38,,51.89666667,6
July,B,4,Main,5,4,1,6553.095,82.822,,13.80366667,6
July,B,4,Main,5,5,1,6689.861,44.013,,7.3355,6
July,B,5,Main,4,1,0,481.48,513.24,,85.54,6
July,B,5,Main,4,2,0,1857.2,592.973,check--lesion?,98.82883333,6
July,B,5,Main,4,3,1,3155.743,200.459,,33.40983333,6
July,B,5,Main,4,4,1,3332.404,0,,0,6
July,B,6,Main,2,1,0,520.1,72.593,,12.09883333,6
July,B,6,Main,2,2,0,325.305,86.06,,14.34333333,6
July,B,7,Main,6,1,0,0,110.494,,18.41566667,6
July,B,7,Main,6,2,0,1043.82,896.939,,149.4898333,6
July,B,7,Main,6,3,0,3127.286,993.575,,165.5958333,6
July,B,7,Main,6,4,1,5030.204,303.297,,50.5495,6
July,B,7,Main,6,5,1,6012.611,57.239,,9.539833333,6
July,B,7,Main,6,6,1,6425.389,0,,0,6
July,B,9,Main,4,1,0,162.212,311.996,,51.99933333,6
July,B,9,Main,4,2,0,1077.55,406.263,,67.7105,6
July,B,9,Main,4,3,1,2136.783,105.76,,17.62666667,6
July,B,9,Main,4,4,1,2289.947,0,,0,6
July,B,10,Main,4,1,0,0,227.24,,37.87333333,6
July,B,10,Main,4,2,0,719.145,666.211,,111.0351667,6
July,B,10,Main,4,3,1,2422.422,599.818,,99.96966667,6
July,B,10,Main,4,4,1,3754.086,68.842,,11.47366667,6
July,B,11,Main,3,1,0,1000.969,787.705,,131.2841667,6
July,B,11,Main,3,2,0,3443.821,595.369,,99.22816667,6
July,B,11,Main,3,3,1,4101.891,43.631,,7.271833333,6
July,B,12,Main,4,1,0,990.05,691.887,,115.3145,6
July,B,12,Main,4,2,0,1479.597,600.617,check scan--misplaced?,100.1028333,6
July,B,12,Main,4,3,1,4158.25,0,,0,6
July,B,12,Main,4,4,1,3352.681,0,,0,6
July,B,13,Main,4,1,0,162.135,0,check this--maybe don't count these nubs?,0,6
July,B,13,Main,4,2,0,167.1,0,,0,6
July,B,13,Main,4,3,1,2083.622,55.094,,9.182333333,6
July,B,13,Main,4,4,0,305.62,0,,0,6
July,B,14,Main,4,1,0,16.024,326.357,,54.39283333,6
July,B,14,Main,4,2,1,1346.892,412.121,,68.68683333,6
July,B,14,Main,4,3,1,2841.166,134.781,,22.4635,6
July,B,14,Main,4,4,1,3281.049,0,,0,6
July,B,15,Main,4,1,0,10.846,64.258,,10.70966667,6
July,B,15,Main,4,2,0,771.713,98.558,,16.42633333,6
July,B,15,Main,4,3,0,1263.378,59.62,,9.936666667,6
July,B,15,Main,4,4,1,1330.694,0,,0,6
July,B,16,Main,4,1,0,161.698,502.928,,83.82133333,6
July,B,16,Main,4,2,0,1863.87,551.331,,91.8885,6
July,B,16,Main,4,3,1,3567.603,220.678,,36.77966667,6
July,B,16,Main,4,4,1,2286.109,0,,0,6
July,B,17,Main,4,1,0,204.779,402.345,,67.0575,6
July,B,17,Main,4,2,0,1331.993,451.063,,75.17716667,6
July,B,17,Main,4,3,1,2345.846,134.562,,22.427,6
July,B,17,Main,4,4,1,2249.156,0,,0,6
July,B,18,Main,3,1,0,425.118,664.298,,110.7163333,6
July,B,18,Main,3,2,1,2678.245,467.523,,77.9205,6
July,B,18,Main,3,3,1,2360.582,0,,0,6
July,B,19,Main,4,1,0,863.551,827.052,,137.842,6
July,B,19,Main,4,2,0,2835.573,813.553,,135.5921667,6
July,B,19,Main,4,3,1,4267.075,236.135,,39.35583333,6
July,B,19,Main,4,4,1,5083.434,0,,0,6
July,B,20,Main,5,1,0,0,79.253,,13.20883333,6
July,B,20,Main,5,2,0,32.843,414.486,,69.081,6
July,B,20,Main,5,3,0,2568.935,300.061,,50.01016667,6
July,B,20,Main,5,4,1,3359.557,23.05,,3.841666667,6
July,B,20,Main,5,5,0,2072.709,0,,0,6
July,B,23,Main,5,1,0,20.49,486.173,,81.02883333,6
July,B,23,Main,5,2,0,1428.63,555.684,,92.614,6
July,B,23,Main,5,3,1,2779.915,319.211,,53.20183333,6
July,B,23,Main,5,4,1,1099.553,21.592,,3.598666667,6
July,B,23,Main,5,5,1,1583.268,0,,0,6
July,B,24,Main,4,1,0,30.907,459.518,,76.58633333,6
July,B,24,Main,4,2,1,1675.544,565.116,,94.186,6
July,B,24,Main,4,3,1,3331.731,281.309,,46.88483333,6
July,B,24,Main,4,4,1,1239.391,0,,0,6
July,B,25,Main,5,1,0,587.234,686.319,,114.3865,6
July,B,25,Main,5,2,0,2467.662,767.317,,127.8861667,6
July,B,25,Main,5,3,0,4125.648,194.474,,32.41233333,6
July,B,25,Main,5,4,0,2402.341,29.334,,4.889,6
July,B,25,Main,5,5,0,3040.314,0,,0,6
July,B,26,Main,5,1,0,0,204.788,,34.13133333,6
July,B,26,Main,5,2,0,576.318,761.71,,126.9516667,6
July,B,26,Main,5,3,0,1765.866,657.636,,109.606,6
July,B,26,Main,5,4,1,2422.619,247.44,,41.24,6
July,B,26,Main,5,5,1,2717.681,208.746,,34.791,6
July,B,27,Main,3,1,0,173.199,241.822,,40.30366667,6
July,B,27,Main,3,2,1,861.963,189.488,,31.58133333,6
July,B,27,Main,3,3,1,1140.655,0,,0,6
July,B,28,Main,5,1,0,248.842,730.446,,121.741,6
July,B,28,Main,5,2,0,2097.612,892.646,,148.7743333,6
July,B,28,Main,5,3,1,4568.429,361.34,,60.22333333,6
July,B,28,Main,5,4,1,4550.986,39.236,,6.539333333,6
July,B,28,Main,5,5,1,4207.06,0,,0,6
July,B,29,Main,2,1,0,1156.597,571.928,,95.32133333,6
July,B,29,Main,2,2,0,2695.299,457.245,,76.2075,6
July,B,30,Main,4,1,0,0,209.852,,34.97533333,6
July,B,30,Main,4,2,0,1182.004,0,,0,6
July,B,30,Main,4,3,1,2001.178,0,,0,6
July,B,30,Main,4,4,0,1947.697,0,,0,6
July,B ,22,Main,5,1,0,0,146.696,,24.44933333,6
July,B ,22,Main,5,2,0,849.316,520.971,,86.8285,6
July,B ,22,Main,5,3,0,2279.941,386.247,,64.3745,6
July,B ,22,Main,5,4,1,3177.196,14.41,,2.401666667,6
July,B ,22,Main,5,5,1,2935.463,0,,0,6
July,C,1,Main,4,1,0,0,107.703,,17.9505,6
July,C,1,Main,4,2,0,567.822,548.334,,91.389,6
July,C,1,Main,4,3,0,1721.749,395.294,,65.88233333,6
July,C,1,Main,4,4,0,2882.842,0,,0,6
July,C,2,Main,5,1,0,355.234,730.934,,121.8223333,6
July,C,2,Main,5,2,0,1877.648,822.603,,137.1005,6
July,C,2,Main,5,3,1,3978.598,401.478,,66.913,6
July,C,2,Main,5,4,1,5080.799,34.114,,5.685666667,6
July,C,2,Main,5,5,1,4057.003,0,,0,6
July,C,3,Main,5,1,0,177.848,478.871,,79.81183333,6
July,C,3,Main,5,2,0,894.838,484.279,,80.71316667,6
July,C,3,Main,5,3,0,1704.837,91.649,,15.27483333,6
July,C,3,Main,5,4,1,1811.384,0,,0,6
July,C,3,Main,5,5,0,1433.361,0,,0,6
July,C,4,Main,5,1,0,0,75.937,,12.65616667,6
July,C,4,Main,5,2,0,1071.587,232.952,,38.82533333,6
July,C,4,Main,5,3,1,2087.604,174.372,,29.062,6
July,C,4,Main,5,4,0,2591.358,0,,0,6
July,C,4,Main,5,5,1,2079.194,0,,0,6
July,C,5,Main,4,1,0,397.82,856.799,,142.7998333,6
July,C,5,Main,4,2,0,2000.31,807.694,,134.6156667,6
July,C,5,Main,4,3,0,3438.961,216.597,,36.0995,6
July,C,5,Main,4,4,1,2357.01,42.587,,7.097833333,6
July,C,6,Main,5,1,0,30.009,678.95,,113.1583333,6
July,C,6,Main,5,2,0,1258.327,721.84,,120.3066667,6
July,C,6,Main,5,3,0,2378.169,494.594,,82.43233333,6
July,C,6,Main,5,4,1,2549.212,30.591,,5.0985,6
July,C,6,Main,5,5,1,2981.699,0,,0,6
July,C,7,Main,6,1,0,0,400.361,,66.72683333,6
July,C,7,Main,6,2,0,1411.315,1155.726,,192.621,6
July,C,7,Main,6,3,0,4166.339,1036.818,,172.803,6
July,C,7,Main,6,4,1,6126.623,116.917,,19.48616667,6
July,C,7,Main,6,5,1,6061.475,43.847,,7.307833333,6
July,C,7,Main,6,6,1,5607.599,0,,0,6
July,C,8,Main,6,1,0,0,365.028,,60.838,6
July,C,8,Main,6,2,0,1228.203,1116.294,,186.049,6
July,C,8,Main,6,3,0,3251.797,1103.104,,183.8506667,6
July,C,8,Main,6,4,1,5095.449,163.739,,27.28983333,6
July,C,8,Main,6,5,1,4144.783,57.155,,9.525833333,6
July,C,8,Main,6,6,1,5700.768,0,,0,6
July,C,9,Main,5,1,0,0,168.759,,28.1265,6
July,C,9,Main,5,2,0,982.95,0,check--pin pricks?,0,6
July,C,9,Main,5,3,0,918.138,376.115,,62.68583333,6
July,C,9,Main,5,4,0,1716.181,354.045,,59.0075,6
July,C,9,Main,5,5,0,1872.572,0,,0,6
July,C,10,Main,5,1,0,400.368,697.131,,116.1885,6
July,C,10,Main,5,2,0,2144.912,620.686,,103.4476667,6
July,C,10,Main,5,3,0,3566.676,170.116,,28.35266667,6
July,C,10,Main,5,4,1,3081.281,23.732,,3.955333333,6
July,C,10,Main,5,5,1,2106.178,0,,0,6
July,C,11,Main,6,1,0,161.031,122.127,,20.3545,6
July,C,11,Main,6,2,0,56.656,488.602,,81.43366667,6
July,C,11,Main,6,3,0,1772.3,569.678,,94.94633333,6
July,C,11,Main,6,4,0,3366.756,354.203,,59.03383333,6
July,C,11,Main,6,5,1,3793.872,44.025,,7.3375,6
July,C,11,Main,6,6,1,2814.188,0,,0,6
July,C,11,Baby,6,1,0,0,78.397,,13.06616667,6
July,C,12,Main,5,1,0,54.327,119.698,,19.94966667,6
July,C,12,Main,5,2,0,1331.837,119.303,,19.88383333,6
July,C,12,Main,5,3,0,2719.913,92.362,,15.39366667,6
July,C,12,Main,5,4,1,2893.621,0,,0,6
July,C,12,Main,5,5,1,2369.106,0,,0,6
July,C,13,Main,4,1,0,200.912,435.545,,72.59083333,6
July,C,13,Main,4,2,0,1454.695,476.372,,79.39533333,6
July,C,13,Main,4,3,1,2214.177,34.767,,5.7945,6
July,C,13,Main,4,4,1,2308.997,0,,0,6
July,C,14,Main,5,1,0,180.744,802.212,,133.702,6
July,C,14,Main,5,2,0,1941.694,822.319,,137.0531667,6
July,C,14,Main,5,3,0,3697.106,464.637,,77.4395,6
July,C,14,Main,5,4,1,4539.279,45.655,,7.609166667,6
July,C,14,Main,5,5,1,3766.686,0,,0,6
July,C,15,Main,3,1,0,52.546,247.332,,41.222,6
July,C,15,Main,3,2,0,730.022,177.264,,29.544,6
July,C,15,Main,3,3,1,1307.728,0,,0,6
July,C,16,Main,4,1,0,133.028,367.795,,61.29916667,6
July,C,16,Main,4,2,0,1457.214,464.588,check--lesion?,77.43133333,6
July,C,16,Main,4,3,1,2758.606,215.637,,35.9395,6
July,C,16,Main,4,4,1,3043.867,0,,0,6
July,C,17,Main,5,1,0,0,789.055,,131.5091667,6
July,C,17,Main,5,2,0,1906.891,1227.645,,204.6075,6
July,C,17,Main,5,3,0,4506.473,545.068,,90.84466667,6
July,C,17,Main,5,4,1,5315.131,0,,0,6
July,C,17,Main,5,5,1,4439.478,0,,0,6
July,C,18,Main,5,1,0,0,336.73,,56.12166667,6
July,C,18,Main,5,2,0,851.612,615.24,,102.54,6
July,C,18,Main,5,3,0,1843.4,510.155,,85.02583333,6
July,C,18,Main,5,4,0,2517.504,53.862,check--lesion?,8.977,6
July,C,18,Main,5,5,1,2209.236,18.482,,3.080333333,6
July,C,19,Main,5,1,0,611.342,923.705,,153.9508333,6
July,C,19,Main,5,2,0,2646.592,936.645,,156.1075,6
July,C,19,Main,5,3,1,4644.515,296.985,,49.4975,6
July,C,19,Main,5,4,1,4554.002,30.688,,5.114666667,6
July,C,19,Main,5,5,1,3747.84,0,,0,6
July,C,20,Main,6,1,0,521.818,419.45,,69.90833333,6
July,C,20,Main,6,2,0,2185.446,483.498,,80.583,6
July,C,20,Main,6,3,1,2787.543,0,,0,6
July,C,20,Main,6,4,1,2183.022,76.325,,12.72083333,6
July,C,20,Main,6,5,1,2872.253,0,,0,6
July,C,20,Main,6,6,1,1456.439,0,,0,6
July,C,21,Main,4,1,0,617.276,311.024,,51.83733333,6
July,C,21,Main,4,2,0,1476.654,307.866,,51.311,6
July,C,21,Main,4,3,1,1714.158,24.871,,4.145166667,6
July,C,21,Main,4,4,1,1264.539,0,,0,6
July,C,22,Main,4,1,0,926.797,806.658,,134.443,6
July,C,22,Main,4,2,0,2644.665,740.77,,123.4616667,6
July,C,22,Main,4,3,1,4050.218,45.115,,7.519166667,6
July,C,22,Main,4,4,1,4009.635,0,,0,6
July,C,23,Main,5,1,0,0,564.59,,94.09833333,6
July,C,23,Main,5,2,0,1846.752,897.786,,149.631,6
July,C,23,Main,5,3,0,4291.605,356.184,,59.364,6
July,C,23,Main,5,4,1,4977.449,0,,0,6
July,C,23,Main,5,5,1,4331.652,0,,0,6
July,C,24,Main,4,1,0,228.115,598.384,,99.73066667,6
July,C,24,Main,4,2,1,2072.725,672.416,,112.0693333,6
July,C,24,Main,4,3,1,2438.473,98.862,,16.477,6
July,C,24,Main,4,4,1,3918.471,0,,0,6
July,C,25,Main,4,1,0,387.389,809.241,,134.8735,6
July,C,25,Main,4,2,0,2222.483,813.933,,135.6555,6
July,C,25,Main,4,3,1,4349.376,307.16,,51.19333333,6
July,C,25,Main,4,4,1,4714.842,23.361,,3.8935,6
July,C,26,Main,6,1,0,123.481,1330.176,,221.696,6
July,C,26,Main,6,2,0,2831.45,1528.744,,254.7906667,6
July,C,26,Main,6,3,1,6452.205,994.195,,165.6991667,6
July,C,26,Main,6,4,1,6450.815,94.705,,15.78416667,6
July,C,26,Main,6,5,1,5615.452,51.041,,8.506833333,6
July,C,26,Main,6,6,1,2702.799,0,,0,6
July,C,27,Main,4,1,0,234.252,591.45,,98.575,6
July,C,27,Main,4,2,0,1549.066,605.966,,100.9943333,6
July,C,27,Main,4,3,0,2395.075,93.197,,15.53283333,6
July,C,27,Main,4,4,1,2334.746,0,,0,6
July,C,28,Main,5,1,0,0,337.04,,56.17333333,6
July,C,28,Main,5,2,0,1712.952,889.256,,148.2093333,6
July,C,28,Main,5,3,1,3761.402,709.733,,118.2888333,6
July,C,28,Main,5,4,1,5078.916,63.935,,10.65583333,6
July,C,28,Main,5,5,1,4943.566,25.856,,4.309333333,6
July,C,29,Main,6,1,0,0,246.497,,41.08283333,6
July,C,29,Main,6,2,0,1271.892,868.236,,144.706,6
July,C,29,Main,6,3,0,3346.689,804.948,,134.158,6
July,C,29,Main,6,4,1,4838.975,145.946,,24.32433333,6
July,C,29,Main,6,5,1,4636.068,55.34,,9.223333333,6
July,C,29,Main,6,6,1,3731.218,0,,0,6
July,C,30,Main,3,1,0,1108.507,0,check--no new growth?,0,6
July ,A,11,Main,2,1,0,498.49,81.202,,13.53366667,6
July ,A,11,Main,2,2,0,1122.78,0,,0,6
July ,A,21,Main,3,1,0,271.552,144.476,check--lesion?,24.07933333,6
July ,A,21,Main,3,2,1,1137.797,130.583,,21.76383333,6
July ,A,21,Main,3,3,1,1823.053,14.266,,2.377666667,6
July ,B,8,Main,5,1,0,405.376,0,all new growth?,0,6
July ,B,8,Main,5,2,0,1363.323,673.031,check--lesions?,112.1718333,6
July ,B,8,Main,5,3,1,2953.775,466.514,,77.75233333,6
July ,B,8,Main,5,4,1,4107.299,27.727,,4.621166667,6
July ,B,8,Main,5,5,1,3228.341,0,check--lesions?,0,6
July ,B,21,Main,4,1,0,223.09,372.551,,62.09183333,6
July ,B,21,Main,4,2,0,875.664,368.204,,61.36733333,6
July ,B,21,Main,4,3,1,1543.191,39.421,,6.570166667,6
July ,B,21,Main,4,4,1,1099.9,0,,0,6
June,A,1,Baby,1,1,0,0,222.499,,37.08316667,6
June,A,1,Main,5,1,0,407.14,442.251,,73.7085,6
June,A,1,Main,5,2,0,1097.6,408.746,,68.12433333,6
June,A,1,Main,5,3,0,1570.821,135.107,,22.51783333,6
June,A,1,Main,5,4,1,1295.157,0,,0,6
June,A,1,Main,5,5,0,1012.55,0,,0,6
June,A,2,Baby,2,1,1,43.332,162.22,,27.03666667,6
June,A,2,Main,4,1,0,0,447.265,,74.54416667,6
June,A,2,Baby,2,2,1,743.66,36.072,,6.012,6
June,A,2,Main,4,2,0,1554.77,695.173,,115.8621667,6
June,A,2,Main,4,3,0,3009.543,549.639,,91.6065,6
June,A,2,Main,4,4,1,3490.705,82.797,,13.7995,6
June,A,3,Baby,1,1,0,0,220.891,,36.81516667,6
June,A,3,Main,5,1,0,241.418,452.37,,75.395,6
June,A,3,Main,5,2,0,1741.668,545.12,,90.85333333,6
June,A,3,Main,5,3,0,2306.48,211.986,,35.331,6
June,A,3,Main,5,4,1,2047.77,0,,0,6
June,A,3,Main,5,5,1,1519.721,0,,0,6
June,A,4,Baby,2,1,0,83.448,291.028,,48.50466667,6
June,A,4,Main,5,1,0,20.846,488.933,,81.48883333,6
June,A,4,Baby,2,2,0,844.985,294.016,White areas but not lesions?,49.00266667,6
June,A,4,Main,5,2,0,1458.237,656.179,,109.3631667,6
June,A,4,Main,5,3,0,2888.631,593.786,-,98.96433333,6
June,A,4,Main,5,4,1,3583.653,99.3,,16.55,6
June,A,4,Main,5,5,1,3119.732,0,,0,6
June,A,5,Baby,3,1,0,0,147.031,,24.50516667,6
June,A,5,Main,5,1,0,0,80.718,,13.453,6
June,A,5,Baby,3,2,0,1010.329,0,,0,6
June,A,5,Main,5,2,0,1013.939,1008.537,,168.0895,6
June,A,5,Baby,3,3,1,1362.362,0,,0,6
June,A,5,Main,5,3,0,3056.258,966.287,,161.0478333,6
June,A,5,Main,5,4,0,3596.964,787.045,,131.1741667,6
June,A,5,Main,5,5,1,3063.597,0,,0,6
June,A,6,Main,4,1,0,123.557,292.477,,48.74616667,6
June,A,6,Main,4,2,0,1132.28,369.791,,61.63183333,6
June,A,6,Main,4,3,1,1542.484,123.025,,20.50416667,6
June,A,6,Main,4,4,1,1672.062,0,,0,6
June,A,7,Baby,2,1,0,14.682,165.206,,27.53433333,6
June,A,7,Main,6,1,0,0,85.341,,14.2235,6
June,A,7,Baby,2,2,0,324.353,46.8,,7.8,6
June,A,7,Main,6,2,0,651.174,647.955,,107.9925,6
June,A,7,Main,6,3,0,1694.873,585.98,,97.66333333,6
June,A,7,Main,6,4,0,2145.197,117.798,,19.633,6
June,A,7,Main,6,5,1,2156.389,22.504,,3.750666667,6
June,A,7,Main,6,6,1,1481.976,0,,0,6
June,A,8,Main,5,1,0,144.24,295.759,,49.29316667,6
June,A,8,Main,5,2,0,1323.352,374.552,,62.42533333,6
June,A,8,Main,5,3,1,1857.058,181.771,,30.29516667,6
June,A,8,Main,5,4,1,2853.084,23.945,,3.990833333,6
June,A,8,Main,5,5,1,2449.64,0,,0,6
June,A,9,Main,5,1,0,283.95,212.26,Pale areas but not laby lesions,35.37666667,6
June,A,9,Main,5,2,0,972.176,235.323,,39.2205,6
June,A,9,Main,5,3,0,1341.687,68.657,,11.44283333,6
June,A,9,Main,5,4,0,1043.163,22.769,,3.794833333,6
June,A,9,Main,5,5,1,878.584,0,,0,6
June,A,10,Main,6,1,1,191.587,559.59,,93.265,6
June,A,10,Main,6,2,1,1528.843,727.603,,121.2671667,6
June,A,10,Main,6,3,1,2661.633,443.562,,73.927,6
June,A,10,Main,6,4,0,3168.839,70.555,,11.75916667,6
June,A,10,Main,6,5,0,2968.971,24.354,,4.059,6
June,A,10,Main,6,6,0,2827.843,0,,0,6
June,A,11,Baby,2,1,0,0,270.964,,45.16066667,6
June,A,11,Main,6,1,0,640.063,856.668,,142.778,6
June,A,11,Baby,2,2,0,819.158,242.104,,40.35066667,6
June,A,11,Main,6,2,0,2607.305,976.485,,162.7475,6
June,A,11,Main,6,3,0,2218.845,528.619,,88.10316667,6
June,A,11,Main,6,4,1,3568.751,198.251,,33.04183333,6
June,A,11,Main,6,5,1,2917.641,184.394,,30.73233333,6
June,A,11,Main,6,6,1,2223.53,0,,0,6
June,A,12,Main,4,1,0,378.719,461.006,,76.83433333,6
June,A,12,Main,4,2,0,1433.168,461.796,,76.966,6
June,A,12,Main,4,3,0,1730.644,108.945,White patches with no border,18.1575,6
June,A,12,Main,4,4,1,1459.987,0,,0,6
June,A,13,Baby,2,1,0,35.736,268.422,,44.737,6
June,A,13,Main,6,1,0,1090.832,461.423,,76.90383333,6
June,A,13,Baby,2,2,0,655.53,199.665,,33.2775,6
June,A,13,Main,6,2,0,3010.111,537.701,,89.61683333,6
June,A,13,Main,6,3,0,4472.958,358.857,,59.8095,6
June,A,13,Main,6,4,1,5016.366,0,,0,6
June,A,13,Main,6,5,1,4100.75,0,,0,6
June,A,13,Main,6,6,1,4090.185,0,,0,6
June,A,14,Baby,1,1,0,107.051,110.616,,18.436,6
June,A,14,Main,5,1,0,115.665,411.554,,68.59233333,6
June,A,14,Main,5,2,0,1026.213,578.997,,96.4995,6
June,A,14,Main,5,3,0,1678.712,471.441,,78.5735,6
June,A,14,Main,5,4,0,2039.349,68.474,,11.41233333,6
June,A,14,Main,5,5,0,1789.919,0,,0,6
June,A,15,Main,4,1,0,145.387,125.878,,20.97966667,6
June,A,15,Main,4,2,0,901.507,151.356,,25.226,6
June,A,15,Main,4,3,0,1141.258,42.95,,7.158333333,6
June,A,15,Main,4,4,1,929.455,0,,0,6
June,A,16,Baby,3,1,0,0,72.505,,12.08416667,6
June,A,16,Main,5,1,0,0,124.226,,20.70433333,6
June,A,16,Baby,3,2,1,188.647,149.889,,24.9815,6
June,A,16,Main,5,2,0,754.866,547.234,,91.20566667,6
June,A,16,Baby,3,3,1,461.622,14.465,,2.410833333,6
June,A,16,Main,5,3,1,1928.533,519.861,One very small lesion,86.6435,6
June,A,16,Main,5,4,0,2878.031,65.269,White patches without border,10.87816667,6
June,A,16,Main,5,5,1,2894.254,0,,0,6
June,A,17,Baby,2,1,0,0,151.275,,25.2125,6
June,A,17,Main,5,1,0,18.702,642.951,,107.1585,6
June,A,17,Baby,2,2,0,452.522,232.583,,38.76383333,6
June,A,17,Main,5,2,0,1748.289,925.261,,154.2101667,6
June,A,17,Main,5,3,0,3131.639,846.823,,141.1371667,6
June,A,17,Main,5,4,1,4116.882,180.655,,30.10916667,6
June,A,17,Main,5,5,1,3652.088,69.087,,11.5145,6
June,A,18,Main,4,1,0,0,88.266,,14.711,6
June,A,18,Main,4,2,1,538.379,162.049,,27.00816667,6
June,A,18,Main,4,3,1,1001.252,118.698,,19.783,6
June,A,18,Main,4,4,1,962.633,0,,0,6
June,A,19,Main,3,1,0,636.625,352.77,,58.795,6
June,A,19,Main,3,2,1,2001.868,254.821,,42.47016667,6
June,A,19,Main,3,3,1,2533.24,0,,0,6
June,A,20,Main,3,1,0,457.41,257.358,,42.893,6
June,A,20,Main,3,2,1,1502.322,313.532,One very small lesion?,52.25533333,6
June,A,20,Main,3,3,1,1955.847,89.39,,14.89833333,6
June,A,21,Main,5,1,1,186.251,19.122,,3.187,6
June,A,21,Main,5,2,1,597.642,18.699,,3.1165,6
June,A,21,Main,5,3,1,940.537,5.354,,0.892333333,6
June,A,21,Main,5,4,1,779.712,0,,0,6
June,A,21,Main,5,5,1,507.662,0,,0,6
June,A,22,Baby,3,1,0,0,82.007,,13.66783333,6
June,A,22,Main,6,1,0,0,272.735,,45.45583333,6
June,A,22,Baby,3,2,0,78.241,188.088,,31.348,6
June,A,22,Main,6,2,0,1297.876,644.949,,107.4915,6
June,A,22,Baby,3,3,1,562.512,103.095,,17.1825,6
June,A,22,Main,6,3,0,2667.92,586.005,,97.6675,6
June,A,22,Main,6,4,1,3163.692,215.549,,35.92483333,6
June,A,22,Main,6,5,1,3998.779,58.526,,9.754333333,6
June,A,22,Main,6,6,1,3491.98,55.035,,9.1725,6
June,A,23,Baby,1,1,0,318.497,17.496,,2.916,6
June,A,23,Main,4,1,0,931.543,521.195,,86.86583333,6
June,A,23,Main,4,2,0,2201.537,501.14,White patches and damage but not lesions,83.52333333,6
June,A,23,Main,4,3,1,3402.68,171.049,,28.50816667,6
June,A,23,Main,4,4,1,3779.305,0,,0,6
June,A,25,Main,5,1,0,542.924,443.517,,73.9195,6
June,A,25,Main,5,2,0,1693.095,435.945,,72.6575,6
June,A,25,Main,5,3,1,1255.302,0,,0,6
June,A,25,Main,5,4,1,2144.915,46.291,,7.715166667,6
June,A,25,Main,5,5,1,1189.658,0,,0,6
June,A,26,Baby,2,1,0,0,108.981,,18.1635,6
June,A,26,Main,4,1,0,835.836,494.687,,82.44783333,6
June,A,26,Baby,2,2,0,538.085,78.704,,13.11733333,6
June,A,26,Main,4,2,0,2078.113,485.27,,80.87833333,6
June,A,26,Main,4,3,1,2665.457,210.785,,35.13083333,6
June,A,26,Main,4,4,0,2597.797,31.444,,5.240666667,6
June,A,27,Baby,1,1,0,0,149.964,,24.994,6
June,A,27,Main,6,1,0,0,289.365,,48.2275,6
June,A,27,Main,6,2,0,1049.429,472.537,,78.75616667,6
June,A,27,Main,6,3,0,1751.246,363.62,,60.60333333,6
June,A,27,Main,6,4,0,2049.587,38.482,,6.413666667,6
June,A,27,Main,6,5,0,1624.859,0,,0,6
June,A,27,Main,6,6,1,1224.504,0,,0,6
June,A,28,Baby,3,1,0,0,13.529,Not sure if the baby is old or new,2.254833333,6
June,A,28,Main,5,1,0,104.067,259.843,,43.30716667,6
June,A,28,Baby,3,2,0,0,84.593,Not sure if the baby is old or new,14.09883333,6
June,A,28,Main,5,2,1,1748.129,165.944,,27.65733333,6
June,A,28,Baby,3,3,0,0,313.493,Not sure if the baby is old or new,52.24883333,6
June,A,28,Main,5,3,0,1366.608,140.208,,23.368,6
June,A,28,Main,5,4,1,1332.807,0,,0,6
June,A,28,Main,5,5,1,1771.853,0,,0,6
June,A,29,Main,5,1,0,0,37.489,,6.248166667,6
June,A,29,Main,5,2,0,954.544,333.888,,55.648,6
June,A,29,Main,5,3,0,2308.315,289.848,,48.308,6
June,A,29,Main,5,4,1,3076.409,0,,0,6
June,A,29,Main,5,5,1,2300.625,0,,0,6
June,A,30,Main,3,1,0,790.141,0,No growth - damaged ,0,6
June,A,30,Main,3,2,1,1131.178,0,No growth - damaged ,0,6
June,A,30,Main,3,3,1,677.167,0,No growth - damaged ,0,6
June,B,1,Baby,1,1,0,0,199.923,Not sure if the baby is old or new,33.3205,6
June,B,1,Main,3,1,0,1063.286,605.06,White patches,100.8433333,6
June,B,1,Main,3,2,0,1966.588,498.391,White patches,83.06516667,6
June,B,1,Main,3,3,0,2547.759,0,White patches,0,6
June,B,2,Main,4,1,0,468.685,582.858,Damage but not lesions,97.143,6
June,B,2,Main,4,2,0,1702.268,578.88,,96.48,6
June,B,2,Main,4,3,0,2581.992,218.394,,36.399,6
June,B,2,Main,4,4,0,2279.142,10.527,,1.7545,6
June,B,3,Main,5,1,0,787.074,0,"Damaged, no growth",0,6
June,B,3,Main,5,2,0,2011.464,0,"Damaged, no growth",0,6
June,B,3,Main,5,3,1,2304.873,0,"Damaged, no growth",0,6
June,B,3,Main,5,4,1,2183.794,0,"Damaged, no growth",0,6
June,B,3,Main,5,5,1,1581.491,0,"Damaged, no growth",0,6
June,B,5,Baby,2,1,0,0,88.865,,14.81083333,6
June,B,5,Main,6,1,0,0,382.492,,63.74866667,6
June,B,5,Baby,2,2,0,0,407.625,,67.9375,6
June,B,5,Main,6,2,0,1085.424,587.714,,97.95233333,6
June,B,5,Main,6,3,0,2099.927,540.215,,90.03583333,6
June,B,5,Main,6,4,1,3090.865,115.249,,19.20816667,6
June,B,5,Main,6,5,1,2960.293,26.144,,4.357333333,6
June,B,5,Main,6,6,1,3112.556,0,,0,6
June,B,6,Main,3,1,0,625.725,291.983,,48.66383333,6
June,B,6,Main,3,2,0,1430.53,273.167,,45.52783333,6
June,B,6,Main,3,3,1,1794.881,0,,0,6
June,B,7,Main,3,1,0,617.705,286.635,White patches,47.7725,6
June,B,7,Main,3,2,0,1431.653,,,,6
June,B,7,Main,3,3,0,1944.896,65.771,,10.96183333,6
June,B,8,Main,5,1,0,52.731,661.475,,110.2458333,6
June,B,8,Main,5,2,0,1538.175,795.366,,132.561,6
June,B,8,Main,5,3,0,3333.906,507.475,,84.57916667,6
June,B,8,Main,5,4,1,4731.331,48.743,,8.123833333,6
June,B,8,Main,5,5,1,4089.152,22.476,,3.746,6
June,B,9,Main,3,1,0,211.683,226.417,,37.73616667,6
June,B,9,Main,3,2,0,1160.992,273.205,,45.53416667,6
June,B,9,Main,3,3,1,1834.184,44.935,,7.489166667,6
June,B,10,Main,4,1,0,123.661,394.696,,65.78266667,6
June,B,10,Main,4,2,0,1584.993,543.719,,90.61983333,6
June,B,10,Main,4,3,1,2462.975,241.15,,40.19166667,6
June,B,10,Main,4,4,1,2524.215,24.609,,4.1015,6
June,B,11,Main,3,1,0,589.367,390.949,,65.15816667,6
June,B,11,Main,3,2,0,1724.898,391.98,,65.33,6
June,B,11,Main,3,3,1,2238.557,37.223,,6.203833333,6
June,B,12,,,,,,,"This shoot is not separated properly into new and old, not clear how many blades, don't use",,6
June,B,13,Baby,1,1,1,468.317,284.758,,47.45966667,6
June,B,13,Main,5,1,0,0,1027.559,,171.2598333,6
June,B,13,Main,5,2,0,1937.945,1340.795,,223.4658333,6
June,B,13,Main,5,3,0,3219.865,1012.703,,168.7838333,6
June,B,13,Main,5,4,1,3673.576,62.572,,10.42866667,6
June,B,13,Main,5,5,1,3107.981,0,,0,6
June,B,14,Main,3,1,0,1350.544,291.026,,48.50433333,6
June,B,14,Main,3,2,1,2318.322,119.262,,19.877,6
June,B,14,Main,3,3,1,2863.229,0,,0,6
June,B,15,Main,4,1,0,31.661,179.194,,29.86566667,6
June,B,15,Main,4,2,0,1018.396,181.844,,30.30733333,6
June,B,15,Main,4,3,0,1481.316,0,Big white patches,0,6
June,B,15,Main,4,4,0,1196.89,0,Big white patches,0,6
June,B,16,Main,4,1,0,0,653.681,,108.9468333,6
June,B,16,Main,4,2,0,1070.711,1150.612,,191.7686667,6
June,B,16,Main,4,3,0,2657.432,892.446,,148.741,6
June,B,16,Main,4,4,1,3477.077,0,,0,6
June,B,17,Main,4,1,0,250.251,536.97,,89.495,6
June,B,17,Main,4,2,0,1986.938,605.93,,100.9883333,6
June,B,17,Main,4,3,0,2986.642,273.203,,45.53383333,6
June,B,17,Main,4,4,1,2779.323,0,,0,6
June,B,18,Baby,1,1,0,0,301.625,Don't know if the baby is old or new,50.27083333,6
June,B,18,Main,2,1,1,2191.734,36.504,This shoot is damaged - only 2 old leaves left,6.084,6
June,B,18,Main,2,2,1,595.75,0,,0,6
June,B,19,Baby,2,1,0,0,55.568,,9.261333333,6
June,B,19,Main,5,1,0,493.429,666.032,,111.0053333,6
June,B,19,Baby,2,2,0,253.469,55.819,,9.303166667,6
June,B,19,Main,5,2,0,2087.067,690.26,,115.0433333,6
June,B,19,Main,5,3,1,3280.306,227.442,,37.907,6
June,B,19,Main,5,4,1,3273.898,21.219,,3.5365,6
June,B,19,Main,5,5,1,2898.311,0,,0,6
June,B,20,Baby,1,1,0,506.93,67.048,,11.17466667,6
June,B,20,Main,5,1,0,1150.821,776.056,,129.3426667,6
June,B,20,Main,5,2,0,2694.458,871.524,,145.254,6
June,B,20,Main,5,3,1,3547.449,291.369,,48.5615,6
June,B,20,Main,5,4,1,3283.783,23.221,,3.870166667,6
June,B,20,Main,5,5,1,2239.36,0,,0,6
June,B,21,Main,2,1,0,236.586,57.546,,9.591,6
June,B,21,Main,2,2,1,1000.154,0,,0,6
June,B,22,Main,4,1,0,236.408,536.137,,89.35616667,6
June,B,22,Main,4,2,0,1784.911,571.319,,95.21983333,6
June,B,22,Main,4,3,0,2803.982,225.427,,37.57116667,6
June,B,22,Main,4,4,0,2840.647,0,Other damage,0,6
June,B,23,Main,5,1,0,886.805,910.394,,151.7323333,6
June,B,23,Main,5,2,0,2633.733,905.164,,150.8606667,6
June,B,23,Main,5,3,0,3026.067,336.604,,56.10066667,6
June,B,23,Main,5,4,0,3527.207,20.039,,3.339833333,6
June,B,23,Main,5,5,0,814.033,0,broken tip,0,6
June,B,24,Main,4,1,0,45.642,38.308,limited growth - damaged?,6.384666667,6
June,B,24,Main,4,2,0,1143.781,0,,0,6
June,B,24,Main,4,3,1,1654.803,0,,0,6
June,B,24,Main,4,4,1,1455.868,0,,0,6
June,B,25,Baby,3,1,0,0,144.368,,24.06133333,6
June,B,25,Main,7,1,0,98.296,96.35,,16.05833333,6
June,B,25,Baby,3,2,0,254.514,240.64,,40.10666667,6
June,B,25,Main,7,2,0,589.089,460.38,,76.73,6
June,B,25,Baby,3,3,0,816.806,157.117,,26.18616667,6
June,B,25,Main,7,3,0,1772.922,529.077,,88.1795,6
June,B,25,Main,7,4,0,2790.195,231.318,,38.553,6
June,B,25,Main,7,5,1,3212.816,0,,0,6
June,B,25,Main,7,6,1,3297.722,0,,0,6
June,B,25,Main,7,7,1,2426.404,0,,0,6
June,B,26,Baby,1,1,0,21.337,333.478,,55.57966667,6
June,B,26,Main,4,1,1,1037.437,762.464,,127.0773333,6
June,B,26,Main,4,2,0,2750.682,759.324,,126.554,6
June,B,26,Main,4,3,1,4207.014,180.912,,30.152,6
June,B,26,Main,4,4,1,2899.183,10.304,,1.717333333,6
June,B,27,Main,4,1,0,345.675,431.828,,71.97133333,6
June,B,27,Main,4,2,0,1420.585,487.857,,81.3095,6
June,B,27,Main,4,3,0,2014.838,177.433,,29.57216667,6
June,B,27,Main,4,4,1,1957.724,0,,0,6
June,B,28,Main,5,1,0,345.994,573.716,,95.61933333,6
June,B,28,Main,5,2,0,1742.084,646.989,,107.8315,6
June,B,28,Main,5,3,0,2515.714,363.297,,60.5495,6
June,B,28,Main,5,4,1,2772.099,41.967,,6.9945,6
June,B,28,Main,5,5,1,2301.165,0,,0,6
June,B,29,Main,4,1,0,0,239.936,,39.98933333,6
June,B,29,Main,4,2,1,1359.087,263.529,,43.9215,6
June,B,29,Main,4,3,1,2503.97,165.43,,27.57166667,6
June,B,29,Main,4,4,1,2878.383,9.742,,1.623666667,6
June,B,30,Baby,1,1,0,0,140.622,,23.437,6
June,B,30,Main,3,1,1,275.436,269.632,,44.93866667,6
June,B,30,Main,3,2,1,1188.735,253.036,,42.17266667,6
June,B,30,Main,3,3,1,1585.243,0,,0,6
June,C,1,Main,4,1,0,0,219.673,,36.61216667,6
June,C,1,Main,4,2,0,923.109,502.451,,83.74183333,6
June,C,1,Main,4,3,1,1841.247,340.969,,56.82816667,6
June,C,1,Main,4,4,1,2198.898,0,,0,6
June,C,2,Main,4,1,0,413.489,389.112,,64.852,6
June,C,2,Main,4,2,1,1408.169,396.73,,66.12166667,6
June,C,2,Main,4,3,1,1986.261,71.199,,11.8665,6
June,C,2,Main,4,4,0,411.153,0,broken off,0,6
June,C,3,Main,3,1,0,481.801,90.082,,15.01366667,6
June,C,3,Main,3,2,1,858.963,52.122,,8.687,6
June,C,3,Main,3,3,1,1009.458,0,,0,6
June,C,4,Main,5,1,0,431.78,837.787,,139.6311667,6
June,C,4,Main,5,2,0,2296.962,889.155,,148.1925,6
June,C,4,Main,5,3,1,3413.854,365.218,,60.86966667,6
June,C,4,Main,5,4,1,3721.436,0,,0,6
June,C,4,Main,5,5,1,3435.582,0,,0,6
June,C,5,Main,5,1,0,352.079,854.223,,142.3705,6
June,C,5,Main,5,2,0,2083.36,1037.777,,172.9628333,6
June,C,5,Main,5,3,0,3329.905,596.131,,99.35516667,6
June,C,5,Main,5,4,0,4020.233,22.84,,3.806666667,6
June,C,5,Main,5,5,1,4249.116,0,,0,6
June,C,6,Main,5,1,0,338.053,393.141,,65.5235,6
June,C,6,Main,5,2,0,1104.954,337.407,,56.2345,6
June,C,6,Main,5,3,1,1450.409,68.412,,11.402,6
June,C,6,Main,5,4,1,1214.496,0,,0,6
June,C,6,Main,5,5,1,685.006,0,broken tip,0,6
June,C,7,Main,3,1,0,335.374,124.32,,20.72,6
June,C,7,Main,3,2,1,1072.213,66.4,,11.06666667,6
June,C,7,Main,3,3,1,1233.478,0,,0,6
June,C,8,Main,4,1,0,0,534.257,,89.04283333,6
June,C,8,Main,4,2,0,1761.751,766.121,,127.6868333,6
June,C,8,Main,4,3,0,2926.97,563.976,,93.996,6
June,C,8,Main,4,4,1,3117.883,62.681,,10.44683333,6
June,C,9,Main,5,1,0,0,488.926,,81.48766667,6
June,C,9,Main,5,2,0,1545.73,712.475,,118.7458333,6
June,C,9,Main,5,3,0,2974.312,613.066,,102.1776667,6
June,C,9,Main,5,4,1,3849.562,64.716,,10.786,6
June,C,9,Main,5,5,1,3822.138,0,,0,6
June,C,10,Baby,1,1,0,0,271.562,,45.26033333,6
June,C,10,Main,5,1,0,0,303.027,,50.5045,6
June,C,10,Main,5,2,0,1444.395,772.454,,128.7423333,6
June,C,10,Main,5,3,0,2702.259,744.141,,124.0235,6
June,C,10,Main,5,4,0,3305.075,197.872,,32.97866667,6
June,C,10,Main,5,5,0,3348.34,0,,0,6
June,C,11,,,,,,0,No pinprick,0,6
June,C,12,Main,5,1,0,251.334,537.232,,89.53866667,6
June,C,12,Main,5,2,0,933.453,350.862,,58.477,6
June,C,12,Main,5,3,0,1837.128,9.23,,1.538333333,6
June,C,12,Main,5,4,1,1912.333,0,,0,6
June,C,12,Main,5,5,1,1253.171,0,,0,6
June,C,13,Main,4,1,0,240.373,916.184,,152.6973333,6
June,C,13,Main,4,2,0,2447.109,1074.756,,179.126,6
June,C,13,Main,4,3,0,3838.666,732.225,,122.0375,6
June,C,13,Main,4,4,1,4408.808,32.255,,5.375833333,6
June,C,14,Main,5,1,0,0,540.854,,90.14233333,6
June,C,14,Main,5,2,0,843.177,705.153,,117.5255,6
June,C,14,Main,5,3,0,1886.743,637.897,,106.3161667,6
June,C,14,Main,5,4,1,2297.67,69.328,,11.55466667,6
June,C,14,Main,5,5,1,1876.396,0,,0,6
June,C,15,Main,4,1,0,506.173,291.258,,48.543,6
June,C,15,Main,4,2,0,1163.1,217.98,,36.33,6
June,C,15,Main,4,3,0,1303.113,19.967,,3.327833333,6
June,C,15,Main,4,4,1,1077.887,0,,0,6
June,C,16,Main,4,1,0,319.495,516.229,,86.03816667,6
June,C,16,Main,4,2,0,1706.128,565.651,,94.27516667,6
June,C,16,Main,4,3,1,2785.396,112.392,,18.732,6
June,C,16,Main,4,4,1,1815.882,0,,0,6
June,C,17,Baby,1,1,0,0,148.783,,24.79716667,6
June,C,17,Main,5,1,0,0,162.931,,27.15516667,6
June,C,17,Main,5,2,0,736.981,510.697,,85.11616667,6
June,C,17,Main,5,3,0,2004.68,598.483,,99.74716667,6
June,C,17,Main,5,4,0,2695.281,71.362,,11.89366667,6
June,C,17,Main,5,5,1,2877.365,0,,0,6
June,C,18,Main,4,1,0,50.524,420.91,,70.15166667,6
June,C,18,Main,4,2,0,1006.069,384.827,,64.13783333,6
June,C,18,Main,4,3,1,1541.639,207.404,,34.56733333,6
June,C,18,Main,4,4,1,1255.228,0,,0,6
June,C,19,Main,7,1,0,0,221.826,,36.971,6
June,C,19,Main,7,2,0,1168.086,1257.193,,209.5321667,6
June,C,19,Main,7,3,0,3528.09,1362.319,,227.0531667,6
June,C,19,Main,7,4,0,4741.956,402.666,,67.111,6
June,C,19,Main,7,5,1,4623.058,80.137,,13.35616667,6
June,C,19,Main,7,6,1,3811.641,80.151,,13.3585,6
June,C,19,Main,7,7,1,3156.957,0,,0,6
June,C,20,Main,5,1,0,0,293.971,,48.99516667,6
June,C,20,Main,5,2,0,738.714,467.947,,77.99116667,6
June,C,20,Main,5,3,0,2116.658,372.143,,62.02383333,6
June,C,20,Main,5,4,1,2000.16,46.777,,7.796166667,6
June,C,20,Main,5,5,1,1799.088,0,,0,6
June,C,21,Main,4,1,0,336.48,200.551,,33.42516667,6
June,C,21,Main,4,2,0,1396.102,248.756,,41.45933333,6
June,C,21,Main,4,3,0,1726.454,0,,0,6
June,C,21,Main,4,4,0,1452.745,0,,0,6
June,C,22,Main,4,1,0,0,614.12,,102.3533333,6
June,C,22,Main,4,2,0,1518.014,1136.877,,189.4795,6
June,C,22,Main,4,3,1,1383.834,923.964,,153.994,6
June,C,22,Main,4,4,1,3067.574,0,,0,6
June,C,23,Main,5,1,0,76.045,588.647,,98.10783333,6
June,C,23,Main,5,2,0,1730.2,720.411,,120.0685,6
June,C,23,Main,5,3,1,2618.924,290.516,,48.41933333,6
June,C,23,Main,5,4,0,2724.124,0,,0,6
June,C,23,Main,5,5,1,2609.443,0,,0,6
June,C,24,Main,4,1,0,719.465,388.206,,64.701,6
June,C,24,Main,4,2,0,1619.084,248.614,,41.43566667,6
June,C,24,Main,4,3,0,1765.258,17.032,,2.838666667,6
June,C,24,Main,4,4,0,1344.185,0,,0,6
June,C,25,Main,6,1,0,145.756,663.184,,110.5306667,6
June,C,25,Main,6,2,0,1779.491,829.298,,138.2163333,6
June,C,25,Main,6,3,0,2779.615,414.974,,69.16233333,6
June,C,25,Main,6,4,1,2922.127,35.162,,5.860333333,6
June,C,25,Main,6,5,1,2380.712,18.052,,3.008666667,6
June,C,25,Main,6,6,1,2045.595,0,,0,6
June,C,26,Baby,2,1,0,0,441.479,,73.57983333,6
June,C,26,Main,6,1,0,0,647.928,,107.988,6
June,C,26,Baby,2,2,0,524.059,377.061,,62.8435,6
June,C,26,Main,6,2,0,1946.346,1084.809,,180.8015,6
June,C,26,Main,6,3,0,3352.219,783.083,,130.5138333,6
June,C,26,Main,6,4,1,4251.811,115.046,,19.17433333,6
June,C,26,Main,6,5,1,3585.231,38.642,,6.440333333,6
June,C,26,Main,6,6,1,2781.05,0,,0,6
June,C,27,Main,2,1,0,813.45,153.909,,25.6515,6
June,C,27,Main,2,2,0,820.502,0,,0,6
June,C,28,Main,5,1,0,0,242.524,,40.42066667,6
June,C,28,Main,5,2,0,470.576,691.001,,115.1668333,6
June,C,28,Main,5,3,0,2330.051,581.778,,96.963,6
June,C,28,Main,5,4,1,3264.47,50.377,,8.396166667,6
June,C,28,Main,5,5,1,2374.21,0,,0,6
June,C,29,Main,6,1,0,0,219.369,,36.5615,6
June,C,29,Main,6,2,0,1025.194,364.509,,60.7515,6
June,C,29,Main,6,3,1,1188.689,175.862,,29.31033333,6
June,C,29,Main,6,4,1,1950.671,0,,0,6
June,C,29,Main,6,5,1,1462.902,0,,0,6
June,C,29,Main,6,6,1,1234.71,0,,0,6
June,C,30,Main,5,1,0,168.838,628.377,,104.7295,6
June,C,30,Main,5,2,0,1509.06,752.806,,125.4676667,6
June,C,30,Main,5,3,1,2129.192,397.648,,66.27466667,6
June,C,30,Main,5,4,1,1887.273,19.635,,3.2725,6
June,C,30,Main,5,5,1,1471.188,0,,0,6